<wpml-config>
	<custom-fields>
		<custom-field action="copy">header_layout</custom-field>
		<custom-field action="copy">header_mobile_layout</custom-field>
		<custom-field action="copy">indostio_header_background</custom-field>
		<custom-field action="copy">footer_layout</custom-field>
		<custom-field action="copy">indostio_hide_page_header</custom-field>
		<custom-field action="copy">indostio_hide_title</custom-field>
		<custom-field action="copy">indostio_hide_breadcrumb</custom-field>
		<custom-field action="copy">page_header_image</custom-field>
		<custom-field action="copy">indostio_page_header_top_spacing</custom-field>
		<custom-field action="copy">indostio_page_header_top_padding</custom-field>
		<custom-field action="copy">indostio_page_header_bottom_spacing</custom-field>
		<custom-field action="copy">indostio_page_header_bottom_padding</custom-field>
		<custom-field action="copy">indostio_content_top_spacing</custom-field>
		<custom-field action="copy">indostio_content_top_padding</custom-field>
		<custom-field action="copy">indostio_content_bottom_spacing</custom-field>
		<custom-field action="copy">indostio_content_bottom_padding</custom-field>
	</custom-fields>

	<admin-texts>
		<key name="theme_mods_indostio">
			<key name="post_sharing_whatsapp_number" />
		</key>
	</admin-texts>
</wpml-config>